rally_uid,actionId,pointId,serverGetPoint
15188,6,7,0.3221263289451599
15191,1,0,0.5199212431907654
15194,5,8,0.29730772972106934
15198,12,7,0.6020954251289368
15201,12,7,0.4148569405078888
15204,1,7,0.38203373551368713
15207,1,7,0.3839206099510193
15210,12,0,0.4613167643547058
15213,12,0,0.44484710693359375
15217,12,7,0.507991373538971
15220,12,7,0.415134459733963
15223,13,7,0.5554692149162292
15226,0,7,0.3765327036380768
15229,14,7,0.36697396636009216
15232,6,0,0.4178127944469452
15235,1,7,0.4490714967250824
15238,1,7,0.5365520119667053
15242,6,7,0.3621166944503784
15245,14,7,0.30149760842323303
15249,13,7,0.2373756319284439
15253,12,0,0.43851161003112793
15256,1,0,0.46683433651924133
15259,3,0,0.17774198949337006
15263,6,7,0.35559770464897156
15267,12,7,0.3321029245853424
15271,12,7,0.39020800590515137
15274,1,0,0.37337881326675415
15277,6,0,0.2672101855278015
15281,6,0,0.3446231186389923
15284,10,0,0.3521243631839752
15287,6,0,0.31513142585754395
15291,6,0,0.16116563975811005
15294,13,7,0.41581517457962036
15295,6,0,0.34468984603881836
15299,6,7,0.48454970121383667
15303,6,0,0.41595080494880676
15306,5,8,0.4368390440940857
15310,1,7,0.37465012073516846
15312,6,0,0.29328617453575134
15316,12,4,0.49950486421585083
15319,15,0,0.43715980648994446
15323,14,7,0.30160802602767944
15327,1,4,0.5137624144554138
15329,6,0,0.34468984603881836
15335,13,0,0.30059605836868286
15338,1,7,0.5127092599868774
15344,12,7,0.422730416059494
15347,15,0,0.5512656569480896
15350,13,0,0.3785442113876343
15354,12,7,0.4506198763847351
15358,14,7,0.33017799258232117
15362,13,0,0.3444010615348816
15366,1,7,0.47935914993286133
15370,13,7,0.41111090779304504
15374,12,7,0.43676280975341797
15377,12,7,0.5647809505462646
15381,6,7,0.3221263289451599
15384,6,0,0.3882599472999573
15387,1,7,0.3681504428386688
15390,12,7,0.6023598909378052
15393,12,5,0.6685482263565063
15397,12,7,0.45535701513290405
15401,0,7,0.3785989284515381
15403,12,7,0.4105288088321686
15406,12,7,0.4119846820831299
15410,1,7,0.5300928354263306
15413,1,7,0.387524276971817
15416,5,7,0.47751080989837646
15418,12,7,0.423578679561615
15422,12,4,0.45502471923828125
15426,12,7,0.5669439435005188
15430,6,9,0.4141475260257721
15433,12,7,0.40675821900367737
15436,12,0,0.4171600937843323
15440,6,0,0.3284817039966583
15442,12,7,0.44317594170570374
15446,10,0,0.4324377775192261
15450,12,7,0.4984026551246643
15454,14,7,0.5474083423614502
15457,12,7,0.490965336561203
15460,14,0,0.38744670152664185
15463,10,0,0.3691476285457611
15466,10,0,0.23635314404964447
15470,12,7,0.4125175178050995
15474,12,7,0.323428213596344
15478,13,7,0.31740155816078186
15482,14,7,0.34337854385375977
15485,12,7,0.3814459443092346
15488,10,7,0.3537227213382721
15492,12,7,0.46747100353240967
15495,12,7,0.4701598584651947
15498,12,7,0.47735390067100525
15501,12,0,0.28664520382881165
15504,12,7,0.4615854322910309
15507,10,8,0.32626211643218994
15511,12,5,0.4564945101737976
15514,12,7,0.5009357333183289
15518,12,7,0.5157752633094788
15522,14,7,0.24515153467655182
15523,12,4,0.5387842059135437
15527,12,4,0.6530314087867737
15530,12,6,0.5802716612815857
15533,12,7,0.6124724745750427
15537,6,6,0.34726041555404663
15541,12,8,0.37659600377082825
15543,0,8,0.5788467526435852
15547,12,0,0.6248456835746765
15551,0,7,0.5854723453521729
15554,12,7,0.6980766654014587
15558,12,4,0.5733171701431274
15561,12,5,0.6432019472122192
15563,12,4,0.6525806784629822
15566,12,7,0.4689730405807495
15569,3,8,0.4073573052883148
15573,12,4,0.5637274384498596
15576,12,0,0.6945832967758179
15579,12,0,0.5183445811271667
15583,0,8,0.4638163149356842
15585,12,7,0.46259817481040955
15588,12,8,0.569846510887146
15592,12,4,0.5566389560699463
15596,12,4,0.7322573065757751
15599,12,4,0.6823874711990356
15602,0,8,0.460360586643219
15603,12,4,0.6372491717338562
15607,0,6,0.6105309724807739
15610,12,6,0.6836479306221008
15613,12,4,0.5974753499031067
15616,12,8,0.6761218905448914
15619,12,4,0.5202081203460693
15622,12,4,0.5354896783828735
15626,15,5,0.8398128151893616
15629,15,8,0.5614176392555237
15632,12,0,0.5375424027442932
15635,12,4,0.6026253700256348
15639,0,8,0.5799885988235474
15641,12,4,0.4411563277244568
15645,12,5,0.5678935050964355
15649,12,8,0.618222177028656
15652,12,4,0.5461150407791138
15655,12,5,0.7848507761955261
15659,0,8,0.48665642738342285
15660,12,6,0.5045506358146667
15664,12,8,0.625884473323822
15668,12,7,0.6997681260108948
15672,12,4,0.7670619487762451
15675,12,7,0.48180779814720154
15678,12,6,0.638735830783844
15681,12,4,0.8728799819946289
15684,12,4,0.7192261815071106
15688,12,7,0.6611378192901611
15691,6,8,0.4288475811481476
15694,12,0,0.4722020924091339
15695,12,7,0.4976269006729126
15704,12,5,0.696140468120575
15707,12,4,0.681847333908081
15710,12,7,0.46278896927833557
15713,12,4,0.4698306918144226
15720,12,8,0.6374433636665344
15723,3,8,0.5836302638053894
15727,12,4,0.7255610823631287
15731,12,8,0.5586747527122498
15732,12,4,0.5153061747550964
15735,15,6,0.5925917625427246
15739,0,6,0.4617084860801697
15742,12,4,0.5659363865852356
15746,12,4,0.5584151744842529
15748,12,4,0.3936983048915863
15751,6,9,0.28692004084587097
15754,12,4,0.5020935535430908
15757,12,7,0.5620230436325073
15761,12,8,0.6312618851661682
15765,12,0,0.31822293996810913
15769,12,6,0.52322918176651
15773,1,4,0.5274179577827454
15777,12,4,0.6177354454994202
15780,6,9,0.28482261300086975
15783,12,7,0.38887789845466614
15786,0,8,0.3158007860183716
15789,12,4,0.5015933513641357
15793,12,0,0.48109880089759827
15796,12,7,0.47685912251472473
15799,1,8,0.530493974685669
15802,12,8,0.4706486463546753
15805,12,8,0.5305627584457397
15809,12,7,0.3248714208602905
15812,6,9,0.2695792615413666
15815,6,9,0.33678698539733887
15818,12,8,0.6374433636665344
15822,1,7,0.5630760788917542
15826,12,4,0.43649235367774963
15829,12,4,0.5995712280273438
15832,6,9,0.2824569344520569
15836,12,4,0.37547093629837036
15839,6,9,0.4617127478122711
15841,2,0,0.24629822373390198
15844,14,7,0.34272536635398865
15847,12,7,0.47883570194244385
15850,13,7,0.5375526547431946
15853,12,7,0.4718701243400574
15857,13,0,0.37702929973602295
15862,6,9,0.16203190386295319
15865,13,7,0.3247523605823517
15869,13,0,0.6068140268325806
15872,14,0,0.21100108325481415
15875,6,0,0.16045516729354858
15879,13,0,0.2094849795103073
15882,3,0,0.31253737211227417
15885,14,0,0.3510817289352417
15889,2,0,0.3721000552177429
15893,1,7,0.4405962824821472
15897,14,7,0.38629046082496643
15901,6,7,0.3409290313720703
15905,6,0,0.19982418417930603
15907,13,0,0.324348121881485
15910,6,0,0.4271133244037628
15914,1,7,0.471142053604126
15917,1,7,0.44409626722335815
15920,6,9,0.20402105152606964
15923,10,0,0.4024190306663513
15927,14,0,0.34222638607025146
15930,13,0,0.3783152401447296
15933,1,7,0.6130375862121582
15937,12,7,0.38673654198646545
15940,12,0,0.3893785774707794
15942,6,0,0.2837202847003937
15945,6,7,0.24911722540855408
15948,10,0,0.22908233106136322
15951,13,0,0.42576491832733154
15954,1,0,0.34960389137268066
15957,12,7,0.44521209597587585
15961,14,7,0.3908892273902893
15964,15,0,0.39404019713401794
15967,6,0,0.36027461290359497
15970,15,0,0.5691513419151306
15973,10,0,0.25670289993286133
15977,12,0,0.35235413908958435
15981,12,7,0.47246432304382324
15985,6,7,0.3101339638233185
15988,12,7,0.6294673681259155
15992,12,0,0.43682995438575745
15995,1,7,0.3838200271129608
15999,12,7,0.559280514717102
16003,6,7,0.6176753044128418
16006,12,5,0.4077896475791931
16010,14,7,0.5990573763847351
16014,14,7,0.27388694882392883
16017,12,7,0.39020800590515137
16020,15,0,0.48611879348754883
16023,12,7,0.4999276399612427
16027,6,7,0.3203319013118744
16030,0,7,0.401361346244812
16032,6,0,0.3320050537586212
16035,12,0,0.5354906916618347
16039,15,4,0.7166032195091248
16042,15,0,0.44192808866500854
16046,12,7,0.39020800590515137
16049,1,0,0.5199212431907654
16052,14,0,0.36275580525398254
16056,1,7,0.5880295038223267
16060,12,7,0.33853042125701904
16063,6,7,0.30236172676086426
16064,12,0,0.40524497628211975
16068,0,7,0.42448052763938904
16071,12,7,0.5217770934104919
16075,1,7,0.3737650513648987
16078,12,7,0.39020800590515137
16081,1,0,0.5199212431907654
16085,12,4,0.505617082118988
16088,1,7,0.5819088816642761
16091,12,7,0.45463645458221436
16094,12,7,0.32182246446609497
16098,14,0,0.357897013425827
16102,1,7,0.4771310091018677
16105,5,7,0.5725106000900269
16106,14,7,0.36213135719299316
16109,1,7,0.3866855502128601
16113,1,7,0.4256557822227478
16117,12,7,0.40901097655296326
16121,12,7,0.38088423013687134
16124,6,0,0.29565465450286865
16127,12,0,0.5512893795967102
16131,13,0,0.5460557341575623
16135,0,7,0.37994450330734253
16138,1,7,0.5063170194625854
16141,6,0,0.26933082938194275
16144,14,7,0.2935304045677185
16147,1,0,0.46683433651924133
16151,15,0,0.5194787979125977
16154,12,7,0.5706375241279602
16158,6,0,0.30786746740341187
16162,12,7,0.2692299783229828
16165,13,0,0.268238365650177
16168,12,7,0.6330285668373108
16170,6,7,0.3221263289451599
16173,12,0,0.4815075993537903
16176,14,7,0.2503453493118286
16183,12,7,0.4140673875808716
16187,6,7,0.30236172676086426
16189,12,7,0.41905954480171204
16192,12,7,0.402178019285202
16196,12,7,0.5453439950942993
16200,12,7,0.31599557399749756
16203,12,7,0.33925577998161316
16205,12,7,0.3663340210914612
16208,6,7,0.2819453477859497
16211,10,8,0.3388824462890625
16214,1,7,0.548734724521637
16218,6,0,0.3732592761516571
16222,12,7,0.3140753209590912
16223,12,7,0.48180779814720154
16226,12,8,0.6374433636665344
16229,12,7,0.4307169020175934
16232,15,4,0.7230543494224548
16236,12,7,0.4345396161079407
16239,12,4,0.4525638222694397
16242,0,7,0.36114057898521423
16246,12,0,0.520664632320404
16249,12,7,0.48180779814720154
16252,12,7,0.5560421943664551
16256,12,0,0.4668519198894501
16259,12,4,0.6345314979553223
16262,12,4,0.5941121578216553
16266,12,9,0.3557947874069214
16269,12,7,0.48180779814720154
16273,6,7,0.47866564989089966
16276,12,7,0.5128522515296936
16279,12,4,0.7773652076721191
16283,12,6,0.710046112537384
16287,12,8,0.587823748588562
16288,12,7,0.48180779814720154
16291,12,6,0.4299768805503845
16294,12,4,0.677476167678833
16297,12,4,0.660164475440979
16300,15,4,0.6497867703437805
16304,12,7,0.5037736892700195
16307,12,4,0.5443724989891052
16311,12,0,0.5767005681991577
16314,12,4,0.564648449420929
16318,12,4,0.705401599407196
16322,0,0,0.3084288239479065
16326,0,0,0.41606026887893677
16327,12,0,0.45356419682502747
16330,12,6,0.5282946228981018
16333,6,8,0.36142775416374207
16337,12,4,0.6592047214508057
16340,12,0,0.6439385414123535
16344,12,4,0.5484226942062378
16347,12,4,0.5812804102897644
16350,15,0,0.5602543950080872
16354,12,4,0.5426336526870728
16358,12,4,0.795784056186676
16362,12,6,0.5124728083610535
16366,0,5,0.5443239808082581
16369,0,6,0.4346076250076294
16371,12,7,0.5096644759178162
16374,12,5,0.7024534940719604
16378,12,4,0.7165921330451965
16381,6,8,0.40883558988571167
16385,14,6,0.3083626627922058
16388,0,6,0.5500208735466003
16391,12,6,0.2779814302921295
16395,12,4,0.6850969791412354
16399,12,9,0.4110576808452606
16401,12,7,0.5070008635520935
16405,15,6,0.5868000388145447
16409,12,5,0.587216317653656
16412,6,8,0.4270598292350769
16420,12,7,0.3880341649055481
16424,12,6,0.5760123133659363
16428,12,4,0.6010267734527588
16432,10,8,0.6309890747070312
16436,10,6,0.38634932041168213
16439,12,4,0.5957006216049194
16440,12,7,0.4976269006729126
16444,12,4,0.5613637566566467
16448,12,4,0.6421090364456177
16451,12,6,0.6094431281089783
16455,12,7,0.3659304082393646
16459,0,7,0.47562846541404724
16460,6,7,0.3185659646987915
16464,6,7,0.401055246591568
16468,10,7,0.38653111457824707
16471,14,7,0.2661038041114807
16475,14,0,0.48088863492012024
16476,14,0,0.2998865246772766
16480,6,0,0.25358033180236816
16484,1,0,0.3780069053173065
16488,15,0,0.4623386561870575
16491,12,0,0.35789862275123596
16498,15,7,0.5270199775695801
16501,12,7,0.5254326462745667
16505,6,7,0.20029523968696594
16509,14,0,0.3481362760066986
16512,14,0,0.24674080312252045
16513,6,0,0.33942946791648865
16517,1,0,0.2617610991001129
16520,6,9,0.40817901492118835
16523,1,7,0.34381505846977234
16526,13,7,0.29203057289123535
16528,12,0,0.3966394066810608
16531,13,7,0.31057009100914
16534,12,4,0.5056366920471191
16538,6,7,0.3958858847618103
16541,1,7,0.4227384030818939
16545,6,0,0.28470075130462646
16549,1,9,0.4603791832923889
16552,12,7,0.5109350085258484
16556,6,0,0.34440794587135315
16560,12,0,0.5238708257675171
16564,12,0,0.32763391733169556
16565,14,7,0.37532737851142883
16568,6,0,0.4097551107406616
16571,6,7,0.26972222328186035
16574,15,7,0.5362780690193176
16578,1,7,0.4521591365337372
16581,6,7,0.4114304184913635
16584,14,7,0.3258502185344696
16588,6,0,0.228343203663826
16591,1,7,0.3616613447666168
16594,6,0,0.504609227180481
16597,12,0,0.5354606509208679
16601,14,7,0.5023958086967468
16604,1,7,0.4767533242702484
16608,1,7,0.35039034485816956
16612,14,0,0.24947752058506012
16619,12,7,0.4389207661151886
16623,12,7,0.4503430128097534
16626,1,7,0.5297977924346924
16630,1,7,0.4610849916934967
16634,13,7,0.3442293703556061
16638,6,7,0.32303881645202637
16639,14,7,0.3071832060813904
16643,6,0,0.2714579999446869
16647,13,0,0.39402440190315247
16650,6,0,0.43913334608078003
16654,12,7,0.4778100848197937
16658,1,7,0.4154680669307709
16659,12,7,0.44651734828948975
16663,1,7,0.5879845023155212
16666,1,7,0.3370513617992401
16670,13,0,0.4255814850330353
16674,6,9,0.3129783272743225
16678,12,7,0.39495861530303955
16681,14,0,0.37320441007614136
16684,10,0,0.2106403261423111
16687,12,7,0.4598349928855896
16690,12,7,0.39212995767593384
16694,6,0,0.39245691895484924
16696,12,7,0.37068772315979004
16699,10,0,0.5281840562820435
16702,6,0,0.3245740532875061
16706,12,7,0.40765634179115295
16710,12,7,0.26922398805618286
16713,12,7,0.347239226102829
16717,6,7,0.480344295501709
16721,13,0,0.4465848207473755
16724,14,0,0.44228458404541016
16727,14,0,0.36382704973220825
16731,15,4,0.5549317002296448
16735,12,0,0.48460009694099426
16738,1,7,0.4438619911670685
16742,14,7,0.41742441058158875
16746,12,7,0.4308205246925354
16747,14,0,0.3846742510795593
16751,12,0,0.4886879324913025
16755,12,0,0.44497862458229065
16759,12,7,0.33642351627349854
16763,6,9,0.20802900195121765
16766,12,0,0.43271490931510925
16767,12,6,0.5029487609863281
16770,12,8,0.6374433636665344
16774,12,6,0.6547394394874573
16778,12,4,0.7498271465301514
16782,12,4,0.6701250672340393
16785,14,7,0.4520714581012726
16789,0,6,0.4346076250076294
16793,12,6,0.7780567407608032
16795,12,6,0.5510236620903015
16798,3,0,0.4633764624595642
16802,12,4,0.6182577610015869
16805,2,6,0.549555778503418
16808,12,4,0.5792006850242615
16811,12,7,0.45102888345718384
16814,12,8,0.6374433636665344
16817,5,8,0.5587069988250732
16821,12,4,0.733937680721283
16824,3,0,0.49129000306129456
16828,12,7,0.4421572983264923
16831,12,7,0.39957404136657715
16834,12,0,0.3970346748828888
16838,2,0,0.5606993436813354
16842,1,0,0.46744057536125183
16844,6,0,0.3753966689109802
16847,12,7,0.45859336853027344
16851,12,0,0.4564211368560791
16855,12,7,0.37489965558052063
16859,12,7,0.49234873056411743
16862,14,7,0.34702661633491516
16866,13,4,0.45923566818237305
16870,10,0,0.4655773937702179
16874,12,7,0.5446423888206482
16877,1,7,0.48492056131362915
16881,6,0,0.32422274351119995
16885,6,7,0.4851449728012085
16889,12,4,0.539930522441864
16892,12,4,0.6037541031837463
16895,3,0,0.4432196021080017
16898,0,8,0.458051472902298
16900,12,6,0.5916993618011475
16903,12,5,0.4919314682483673
16906,3,8,0.4317459464073181
16909,12,4,0.6733138561248779
16912,12,4,0.6349813938140869
16917,12,0,0.4744558036327362
16921,12,0,0.37084686756134033
16924,12,4,0.5871280431747437
16927,6,8,0.37255188822746277
16931,0,7,0.5560814738273621
16935,12,4,0.4135737419128418
16939,12,4,0.5053749680519104
16942,12,7,0.6744014620780945
16945,12,5,0.5308780670166016
16948,12,4,0.6457950472831726
16952,12,7,0.39560508728027344
16955,12,8,0.6397877931594849
16958,12,5,0.7531176209449768
16962,12,5,0.5237606167793274
16966,12,5,0.6219611763954163
16968,12,6,0.5094544291496277
16971,8,0,0.3403207063674927
16974,12,4,0.6756446361541748
16977,12,5,0.5515145063400269
16980,12,4,0.6087102293968201
16984,12,4,0.575832724571228
16988,3,0,0.2982718348503113
16992,12,7,0.5889102816581726
16996,6,6,0.4014834761619568
16997,12,6,0.5143964886665344
17000,12,4,0.5119884610176086
17004,15,0,0.5175445675849915
17007,0,7,0.45603376626968384
17011,12,7,0.4220820963382721
17015,6,9,0.4741528034210205
17018,12,4,0.5385946035385132
17022,12,4,0.6093474626541138
17026,12,4,0.5816996693611145
17029,14,0,0.4770510196685791
17032,15,6,0.7373139262199402
17036,15,0,0.544773280620575
17039,12,4,0.4857868552207947
17043,12,7,0.4811248481273651
17046,12,4,0.3846795856952667
17050,3,0,0.41511526703834534
17054,12,4,0.6175578236579895
17058,12,0,0.5346521735191345
17062,0,6,0.4430241882801056
17065,0,6,0.4519208073616028
17068,6,0,0.3216831088066101
17072,0,6,0.5632234811782837
17076,3,8,0.4250773787498474
17079,12,7,0.6485673785209656
17083,15,6,0.5256077647209167
17087,12,4,0.491615355014801
17088,12,7,0.5420768857002258
17091,6,8,0.20168115198612213
17095,12,8,0.5914519429206848
17099,0,8,0.48796167969703674
17102,0,6,0.46108460426330566
17106,12,4,0.4135737419128418
17109,12,4,0.5097579956054688
17113,12,5,0.6074586510658264
17117,12,7,0.5106858015060425
17119,6,9,0.2870025634765625
17123,12,8,0.5329262018203735
17127,12,4,0.5267594456672668
17133,0,6,0.21606265008449554
17136,6,9,0.21839557588100433
17138,12,4,0.5254981517791748
17142,12,4,0.513428807258606
17146,12,5,0.7330770492553711
17149,15,4,0.6159242987632751
17157,12,4,0.46914106607437134
17161,12,7,0.4693208634853363
17164,12,4,0.6276136040687561
17171,0,6,0.3724250793457031
17174,1,8,0.40923500061035156
17178,0,7,0.5365139842033386
17181,12,0,0.6005504727363586
17183,12,7,0.41395246982574463
17187,12,8,0.6789668202400208
17191,12,4,0.7610898017883301
17199,12,7,0.576083779335022
17202,6,9,0.2870025634765625
17206,3,0,0.3237018883228302
17210,12,4,0.5131304264068604
17214,12,6,0.6430087089538574
17218,1,7,0.28796929121017456
17221,12,7,0.41677239537239075
17224,12,8,0.585119366645813
17227,3,8,0.3778650760650635
17230,12,4,0.6559435725212097
17234,6,8,0.39590656757354736
17237,12,4,0.457285612821579
17240,0,7,0.4185922145843506
17241,12,4,0.5947679877281189
17244,7,0,0.3890675902366638
17248,12,8,0.6191784143447876
17252,12,6,0.566229522228241
17256,12,4,0.7013580203056335
17259,12,5,0.6567092537879944
17260,12,0,0.5507166981697083
17264,12,8,0.5429482460021973
17267,12,4,0.5991265177726746
17271,12,7,0.6575151085853577
17274,6,6,0.358395516872406
17278,12,5,0.5634943842887878
17281,0,9,0.29004260897636414
17284,12,4,0.5067422986030579
17288,6,0,0.22608517110347748
17291,15,0,0.4290754497051239
17298,13,7,0.4007457196712494
17305,6,0,0.41371431946754456
17306,12,7,0.42779508233070374
17317,12,7,0.41043734550476074
17321,12,7,0.46376729011535645
17325,6,0,0.2890056371688843
17332,6,0,0.27913761138916016
17335,6,0,0.21891377866268158
17339,14,0,0.29593560099601746
17343,8,0,0.23059509694576263
17345,6,0,0.4058362543582916
17348,12,0,0.5257987380027771
17356,14,0,0.4150862693786621
17359,13,7,0.41510525345802307
17360,12,7,0.45617803931236267
17363,6,0,0.3703920841217041
17373,14,0,0.4897068738937378
17376,6,0,0.3773513734340668
17379,12,7,0.3012710213661194
17383,1,7,0.5166472792625427
17386,12,7,0.4650343656539917
17390,2,0,0.36466994881629944
17394,6,0,0.303240031003952
17398,6,0,0.33136171102523804
17402,6,0,0.4098442792892456
17406,12,7,0.5357710719108582
17407,12,7,0.4445057809352875
17410,1,7,0.44806262850761414
17413,1,7,0.40543556213378906
17416,6,0,0.48908373713493347
17419,10,0,0.29664596915245056
17423,14,0,0.46782320737838745
17426,6,0,0.2869952321052551
17429,2,0,0.34911802411079407
17432,3,0,0.26784878969192505
17435,1,7,0.5117323994636536
17438,1,7,0.4922293424606323
17441,1,7,0.45910385251045227
17444,6,0,0.33220091462135315
17448,6,9,0.2086494117975235
17452,12,7,0.4810135066509247
17456,12,7,0.45990678668022156
17460,1,7,0.28489950299263
17463,6,0,0.2847118377685547
17466,1,0,0.4229140281677246
17470,15,0,0.5023707747459412
17474,15,0,0.6165030002593994
17478,14,7,0.47780176997184753
17483,1,7,0.356885701417923
17487,12,7,0.487361878156662
17490,12,0,0.4523126184940338
17496,15,0,0.5506644248962402
17499,12,6,0.5928780436515808
17502,12,6,0.5491388440132141
17506,6,0,0.2680341899394989
17509,15,6,0.6257743835449219
17512,6,0,0.15903349220752716
17515,12,7,0.3880341649055481
17518,15,0,0.569868803024292
17522,0,8,0.26270627975463867
17526,0,6,0.49957728385925293
17530,0,0,0.5031319856643677
17533,12,0,0.4149928092956543
17537,6,0,0.33951473236083984
17541,3,0,0.5181834697723389
17545,3,0,0.3757777214050293
17546,12,7,0.41395246982574463
17550,3,8,0.41039517521858215
17554,3,8,0.44734928011894226
17557,12,5,0.735417902469635
17560,12,6,0.6429200172424316
17564,12,6,0.39783647656440735
17568,3,0,0.5621365308761597
17572,12,6,0.48807400465011597
17575,12,4,0.7082130312919617
17578,2,6,0.27765724062919617
17581,12,8,0.491912305355072
17584,6,7,0.3185659646987915
17588,6,7,0.21870611608028412
17591,1,7,0.48096728324890137
17594,13,7,0.32221949100494385
17598,6,7,0.24922747910022736
17599,14,7,0.24661211669445038
17603,8,7,0.23071111738681793
17606,15,0,0.419657826423645
17610,12,7,0.44367069005966187
17614,6,0,0.24656225740909576
17617,14,0,0.3149052858352661
17621,6,7,0.23721732199192047
17625,1,7,0.42413055896759033
17629,1,0,0.43601158261299133
17633,14,7,0.35779961943626404
17636,6,7,0.3221263289451599
17639,6,7,0.3106651306152344
17642,6,7,0.41110333800315857
17646,12,7,0.6034733653068542
17650,1,5,0.42720288038253784
17654,14,0,0.37785330414772034
17658,12,7,0.4800792932510376
17662,12,7,0.5997422337532043
17665,12,7,0.47622165083885193
17669,1,7,0.4267435073852539
17672,14,7,0.37857943773269653
17674,12,7,0.28814300894737244
17678,6,7,0.5363590717315674
17682,1,7,0.44479143619537354
17685,12,8,0.6293736696243286
17689,12,7,0.4717089533805847
17692,12,7,0.42156100273132324
17696,6,0,0.3441541790962219
17700,12,7,0.4309776723384857
17703,15,0,0.5601128339767456
17706,14,7,0.3572184443473816
17710,1,7,0.280342698097229
17714,12,7,0.4784110188484192
17718,12,7,0.42034876346588135
17721,1,7,0.4465160071849823
17724,12,7,0.4968037009239197
17728,12,7,0.5185526609420776
17731,6,7,0.4260229468345642
17736,12,0,0.43161070346832275
17740,1,7,0.5152575373649597
17743,12,7,0.6234967112541199
17746,1,7,0.5398237109184265
17749,12,4,0.4160904884338379
17752,12,0,0.5123778581619263
17756,12,7,0.4848964512348175
17759,14,7,0.30809953808784485
17763,12,0,0.4900042414665222
17765,12,0,0.40135449171066284
17768,12,0,0.445886492729187
17771,1,7,0.381219744682312
17775,12,7,0.4524554908275604
17778,6,0,0.4241970181465149
17781,12,7,0.4354352653026581
17785,14,0,0.458337664604187
17789,12,7,0.4371519386768341
17793,12,7,0.5818830728530884
17797,12,7,0.45424166321754456
17800,12,7,0.4122230112552643
17804,12,0,0.4252985417842865
17807,1,7,0.40036582946777344
17811,12,7,0.4521530866622925
17814,14,0,0.21858102083206177
17818,14,7,0.4362085461616516
17820,12,0,0.31151649355888367
17823,13,0,0.43254730105400085
17826,12,0,0.44292986392974854
17830,12,0,0.6171053647994995
17834,2,0,0.296662300825119
17838,13,0,0.2454252690076828
17839,14,0,0.3216303884983063
17842,12,0,0.3970346748828888
17846,15,7,0.5258514881134033
17850,14,0,0.5994853377342224
17854,10,0,0.35960182547569275
17857,14,0,0.36195099353790283
17861,8,0,0.2315509170293808
17863,12,0,0.46033406257629395
17867,6,0,0.34724244475364685
17871,12,7,0.48016276955604553
17875,1,0,0.4689837396144867
17879,7,0,0.3370351493358612
17883,15,0,0.5096151828765869
17886,1,0,0.6125590801239014
17890,2,0,0.2909102141857147
17893,6,0,0.34566569328308105
17897,14,0,0.3984469473361969
17900,12,5,0.4919314682483673
17904,12,7,0.5387692451477051
17912,12,0,0.31822293996810913
17916,15,0,0.44991227984428406
17919,15,0,0.505282461643219
17923,6,7,0.42402076721191406
17926,12,7,0.5710911750793457
17929,12,8,0.298111230134964
17930,12,7,0.41110658645629883
17933,6,9,0.21531538665294647
17937,12,5,0.6809252500534058
17940,6,9,0.37060877680778503
17944,15,0,0.36530134081840515
17947,12,7,0.2556680142879486
17948,6,7,0.323860764503479
17952,3,0,0.3331910967826843
17955,6,6,0.36378100514411926
17958,12,0,0.3419099748134613
17962,14,0,0.4377029240131378
17966,12,0,0.31822293996810913
17970,6,9,0.3945959806442261
17974,12,5,0.5493099093437195
17977,12,7,0.375102162361145
17981,6,0,0.5206552743911743
17985,15,0,0.4999561309814453
17988,12,0,0.31822293996810913
17992,12,0,0.5483548641204834
17995,12,4,0.5213615894317627
17998,12,6,0.6317512392997742
18001,12,0,0.5255218148231506
18004,12,4,0.4612226188182831
18007,12,0,0.5715659260749817
18010,15,0,0.6706922054290771
18014,12,6,0.5303348898887634
18017,12,4,0.42048612236976624
18020,0,6,0.4807497262954712
18024,12,0,0.3221556544303894
18027,6,9,0.23105520009994507
18031,1,7,0.5300928354263306
18034,7,0,0.38305091857910156
18037,1,7,0.3910733461380005
18040,12,7,0.39020800590515137
18043,6,0,0.3736676573753357
18047,12,0,0.569106936454773
18051,1,7,0.4438619911670685
18055,14,7,0.335079163312912
18059,14,7,0.2923167049884796
18062,10,0,0.22488710284233093
18065,1,7,0.5826528072357178
18068,12,7,0.39020800590515137
18071,12,0,0.4835726320743561
18074,0,7,0.34772393107414246
18077,13,7,0.5658683776855469
18080,10,0,0.40738144516944885
18084,12,7,0.4313037693500519
18087,14,0,0.34301069378852844
18088,12,7,0.2993277907371521
18091,6,0,0.45302852988243103
18094,6,8,0.246748149394989
18098,1,5,0.48180586099624634
18102,1,7,0.5733757019042969
18106,1,7,0.40188753604888916
18108,12,7,0.41905954480171204
18111,1,0,0.4047195017337799
18115,6,9,0.2130787968635559
18119,1,7,0.6026692986488342
18125,1,7,0.5343157649040222
18127,6,0,0.398625910282135
18131,6,0,0.2714579999446869
18135,1,9,0.4130902588367462
18139,1,0,0.36121946573257446
18143,6,9,0.31242915987968445
18146,12,0,0.5321588516235352
18150,12,6,0.549066960811615
18153,12,5,0.6343111395835876
18157,12,4,0.6361560225486755
18161,12,5,0.6408381462097168
18164,12,4,0.46194058656692505
18167,3,0,0.27139967679977417
18168,12,0,0.42335283756256104
18172,15,4,0.6798601150512695
18176,12,5,0.5472533106803894
18180,12,4,0.545466959476471
18183,15,6,0.5529608130455017
18187,12,0,0.40200579166412354
18191,15,8,0.6238076090812683
18194,12,0,0.5456147193908691
18197,12,5,0.6194978952407837
18201,12,7,0.43544501066207886
18203,6,9,0.23757882416248322
18206,12,0,0.5336967706680298
18210,15,0,0.6203559041023254
18213,6,8,0.26353657245635986
18216,12,4,0.4553581476211548
18219,12,7,0.513058066368103
18222,6,9,0.1988200843334198
18225,1,9,0.4207839071750641
18228,15,0,0.6082805395126343
18232,12,0,0.4515007734298706
18236,12,7,0.4168206751346588
18238,6,9,0.23757882416248322
18242,3,0,0.3770633637905121
18245,12,8,0.5557474493980408
18248,12,6,0.6375593543052673
18252,6,8,0.24914927780628204
18256,6,0,0.289623886346817
18258,12,7,0.49072781205177307
18261,6,8,0.4228142201900482
18264,12,4,0.4108341932296753
18267,6,0,0.2681613862514496
18271,1,7,0.4911136329174042
18275,6,7,0.37106752395629883
18278,12,0,0.49357184767723083
18282,12,7,0.5889102816581726
18286,15,0,0.5600847005844116
18290,3,0,0.4800306260585785
18294,14,7,0.33458513021469116
18297,10,0,0.4115867018699646
18301,1,7,0.4550006091594696
18304,15,7,0.5876295566558838
18307,10,0,0.30809906125068665
18310,1,0,0.21036164462566376
18314,6,0,0.23462729156017303
18318,6,9,0.1495484858751297
18321,6,9,0.1275901049375534
18325,1,0,0.5140060782432556
18328,1,7,0.3486233353614807
18332,6,0,0.26308539509773254
18335,6,0,0.27632981538772583
18339,6,9,0.18648600578308105
18347,1,7,0.42299070954322815
18350,6,0,0.3008054196834564
18354,13,9,0.3308448791503906
18357,6,9,0.1275901049375534
18360,10,0,0.3738693594932556
18364,1,0,0.39462965726852417
18367,6,9,0.24743065237998962
18368,12,7,0.4894813597202301
18371,3,8,0.2355475127696991
18374,12,4,0.7050163149833679
18378,3,8,0.33529555797576904
18382,12,6,0.5843278169631958
18386,12,7,0.4768926203250885
18389,12,6,0.4623948335647583
18392,15,4,0.748236358165741
18394,12,4,0.5864583849906921
18397,12,5,0.7741328477859497
18401,12,4,0.7248131632804871
18405,12,4,0.4400321841239929
18408,12,0,0.3668424189090729
18411,12,8,0.311890184879303
18413,12,8,0.6023690700531006
18416,12,6,0.5177159309387207
18420,15,0,0.643521785736084
18424,12,8,0.49132490158081055
18428,12,6,0.4933115541934967
18432,12,4,0.4768718481063843
18435,12,8,0.45890936255455017
18439,12,4,0.7069101333618164
18442,12,4,0.6422510743141174
18446,0,8,0.5472880601882935
18447,12,0,0.41272974014282227
18451,12,4,0.5716849565505981
18454,12,7,0.6146590709686279
18458,13,4,0.5330914258956909
18461,12,4,0.6458527445793152
18465,12,8,0.551239013671875
18467,12,0,0.3864677846431732
18470,12,8,0.6637516617774963
18474,12,8,0.6455464959144592
18477,12,6,0.6357021331787109
18481,12,8,0.6056875586509705
18483,12,0,0.5567377209663391
18486,15,5,0.7346581220626831
18490,12,5,0.7866432070732117
18494,12,4,0.6864891648292542
18497,12,7,0.6114702224731445
18500,12,8,0.5230481624603271
18501,12,5,0.6059903502464294
18504,6,7,0.3780450224876404
18507,12,4,0.6903969645500183
18510,12,8,0.7279370427131653
18513,12,4,0.6067104935646057
18515,12,6,0.6273451447486877
18518,12,5,0.6748449802398682
18521,12,5,0.6936761140823364
18524,3,8,0.7221474051475525
18527,12,8,0.5949434041976929
18530,14,0,0.414974570274353
18533,12,0,0.4540351927280426
18536,12,0,0.4166906177997589
18540,0,6,0.5669131875038147
18543,12,7,0.3915117681026459
18546,12,5,0.3392222821712494
18548,14,7,0.2780897915363312
18551,12,0,0.39669927954673767
18554,12,7,0.4213863015174866
18558,12,7,0.6354900002479553
18561,12,7,0.42806506156921387
18564,1,7,0.3362537920475006
18566,12,7,0.3102651834487915
18569,12,7,0.4697246551513672
18572,1,7,0.6424108743667603
18576,12,7,0.5120360255241394
18579,6,0,0.27584367990493774
18583,1,7,0.4744357168674469
18586,12,7,0.4556093215942383
18589,12,7,0.5066016316413879
18593,12,0,0.4622695744037628
18596,12,7,0.6398352384567261
18599,12,7,0.45455947518348694
18603,12,7,0.38232848048210144
18606,12,7,0.320334792137146
18608,12,4,0.502297580242157
18612,12,5,0.5155916810035706
18616,12,7,0.5293287038803101
18620,10,0,0.5580950975418091
18623,12,8,0.6399036645889282
18624,12,6,0.5423486232757568
18627,12,5,0.6013323664665222
18630,12,4,0.5837586522102356
18634,12,4,0.5937895178794861
18638,6,8,0.37515658140182495
18641,12,5,0.650183916091919
18644,12,0,0.40200579166412354
18648,15,8,0.6334948539733887
18652,12,4,0.556683361530304
18656,12,6,0.6662278175354004
18659,15,0,0.5500175952911377
18663,12,8,0.366700679063797
18666,12,0,0.40200579166412354
18672,12,7,0.5685814023017883
18676,15,4,0.6750982403755188
18679,15,4,0.6990925073623657
18682,12,8,0.4664927124977112
18683,12,0,0.33447346091270447
18687,12,4,0.5745470523834229
18691,12,0,0.5695555806159973
18695,12,8,0.4573686122894287
18697,12,7,0.4604443907737732
18701,12,8,0.6181351542472839
18705,12,8,0.5089123249053955
18708,12,8,0.5009363889694214
18711,12,7,0.5485087633132935
18714,12,7,0.5461185574531555
18716,12,4,0.4590110182762146
18720,6,8,0.18487943708896637
18723,12,8,0.5579728484153748
18727,12,7,0.4540192186832428
18731,12,4,0.5999646782875061
18732,12,0,0.38949671387672424
18736,15,0,0.6099429726600647
18740,12,7,0.5396131277084351
18743,12,8,0.7169157862663269
18747,12,6,0.49818652868270874
18751,12,0,0.412019819021225
18755,15,0,0.5778188109397888
18759,12,4,0.5880953073501587
18760,12,0,0.5080469846725464
18763,12,0,0.46723639965057373
18767,12,6,0.6690319776535034
18770,12,6,0.7234013080596924
18773,12,5,0.6526080369949341
18776,12,6,0.4048610329627991
18779,12,7,0.48180779814720154
18783,12,8,0.6592750549316406
18786,12,4,0.6379523873329163
18790,12,8,0.6423746943473816
18793,12,8,0.703158438205719
18796,12,0,0.40200579166412354
18800,12,0,0.4422329068183899
18803,12,6,0.7503751516342163
18807,0,8,0.5592638254165649
18811,6,9,0.36283716559410095
18815,0,7,0.5412244200706482
18818,0,6,0.4120405614376068
18822,12,7,0.5308616161346436
18826,6,8,0.37090209126472473
18830,0,8,0.5935536623001099
18833,0,8,0.6019894480705261
18836,12,8,0.5938870310783386
18843,12,8,0.7010671496391296
18846,6,8,0.2760089337825775
18849,12,8,0.5405613780021667
18853,0,8,0.5893126726150513
18857,8,0,0.18933194875717163
18858,6,0,0.28772270679473877
18862,12,4,0.4505053162574768
18865,12,4,0.5653508305549622
18869,12,4,0.6621626019477844
18876,12,6,0.6762875318527222
18879,12,4,0.5748645067214966
18882,12,7,0.506046712398529
18886,6,8,0.3288038372993469
18890,12,0,0.45505571365356445
18894,5,8,0.530823826789856
18898,12,4,0.5683890581130981
18901,12,4,0.6046282052993774
18904,6,8,0.4069984555244446
18907,12,9,0.28811848163604736
18911,0,0,0.4592737853527069
18914,12,8,0.6730965375900269
18917,12,0,0.6418308019638062
18920,12,0,0.28052055835723877
18924,12,7,0.5164556503295898
18928,12,4,0.8102642297744751
18932,12,4,0.6193074584007263
18936,12,4,0.6401183009147644
18940,0,8,0.47537651658058167
18943,6,0,0.2722421884536743
18944,12,0,0.5567377209663391
18948,12,6,0.5958948135375977
18955,10,0,0.3041621446609497
18958,13,0,0.40142181515693665
18959,6,9,0.23757882416248322
18962,12,4,0.4282505214214325
18965,12,5,0.3997877836227417
18968,12,4,0.7058948278427124
18972,12,4,0.6211934685707092
18973,6,0,0.2869952321052551
18977,12,4,0.40541210770606995
18981,12,4,0.4930392801761627
18985,1,7,0.36892032623291016
18989,6,0,0.1936260610818863
18992,12,0,0.319211483001709
18995,14,7,0.2437826544046402
18998,0,8,0.5115418434143066
19002,6,7,0.3192873001098633
19006,13,0,0.2604340612888336
19009,6,7,0.2975349724292755
19010,6,0,0.3372330665588379
19014,1,7,0.437017023563385
19018,1,9,0.34435248374938965
19021,1,7,0.453351229429245
19024,6,7,0.3006325364112854
19028,13,7,0.33397629857063293
19029,12,7,0.5248033404350281
19030,12,0,0.3864677846431732
19033,12,4,0.6771593689918518
19037,12,6,0.5758317112922668
19040,12,4,0.6251106858253479
19043,12,8,0.6347271203994751
19046,12,7,0.46259817481040955
19050,12,8,0.49860724806785583
19054,12,4,0.657987654209137
19057,12,4,0.5615289807319641
19060,12,4,0.6422510743141174
19064,12,8,0.48973214626312256
19065,12,4,0.4441472887992859
19068,12,4,0.4816780388355255
19071,12,4,0.6549215912818909
19075,12,7,0.6939540505409241
19078,12,4,0.5712701678276062
19082,12,8,0.4378473162651062
19083,14,0,0.3716583251953125
19087,12,7,0.40399232506752014
19090,7,7,0.27531328797340393
19094,12,0,0.5994933247566223
19097,6,0,0.22097373008728027
19104,14,0,0.20487014949321747
19108,12,0,0.5005207061767578
19109,12,7,0.3543072044849396
19113,12,0,0.37909382581710815
19117,12,7,0.43128645420074463
19121,12,7,0.42080044746398926
19124,13,0,0.3077363669872284
19128,6,7,0.40543660521507263
19129,12,7,0.365307480096817
19133,12,7,0.42034876346588135
19136,12,7,0.55946284532547
19140,12,7,0.6225379705429077
19144,1,0,0.3567466139793396
19147,12,7,0.3124375641345978
19151,1,7,0.30497077107429504
19153,12,7,0.3691999614238739
19156,12,0,0.5614286661148071
19160,12,7,0.49323514103889465
19164,12,7,0.6268064975738525
19167,12,7,0.4792998433113098
19171,12,7,0.39957404136657715
19175,12,4,0.5173386931419373
19179,14,7,0.4229665696620941
19182,12,7,0.6175962686538696
19186,1,7,0.3753824830055237
19189,13,7,0.38282689452171326
19192,13,0,0.3022604286670685
19195,1,7,0.5435776114463806
19201,14,4,0.4163874387741089
19205,12,7,0.553249180316925
19208,12,7,0.612203061580658
19211,6,0,0.21096542477607727
19214,12,7,0.4253418743610382
19217,0,7,0.37057003378868103
19219,12,7,0.33633992075920105
19225,12,7,0.6352747678756714
19228,12,7,0.44703274965286255
19231,1,7,0.44411444664001465
19234,12,7,0.4391908645629883
19236,12,7,0.41905954480171204
19240,15,0,0.3601476550102234
19244,12,7,0.5380746722221375
19248,12,7,0.42516428232192993
19252,12,7,0.36298468708992004
19255,12,7,0.33748945593833923
19259,6,0,0.21459724009037018
19262,2,0,0.47258156538009644
19264,12,7,0.3930132985115051
19268,6,7,0.23721732199192047
19272,1,7,0.3931922912597656
19276,12,7,0.46897855401039124
19279,7,0,0.4016284942626953
19281,6,7,0.39645177125930786
19284,15,0,0.538118839263916
19288,12,7,0.5608267784118652
19292,12,4,0.6480801105499268
19296,1,7,0.4458138048648834
19299,1,7,0.36542949080467224
19301,2,0,0.3316025137901306
19305,12,0,0.4417211413383484
19309,12,7,0.5052448511123657
19312,12,7,0.6142652034759521
19315,12,5,0.5543325543403625
19319,12,7,0.387497216463089
19323,6,7,0.23721732199192047
19326,15,7,0.48842889070510864
19330,1,0,0.3399982452392578
19333,6,0,0.26500508189201355
19337,13,0,0.3455410897731781
19338,14,7,0.38473013043403625
19341,12,7,0.5304141640663147
19344,12,7,0.5263625979423523
19351,12,7,0.5352524518966675
19354,12,7,0.37256667017936707
19357,12,7,0.40923431515693665
19360,12,0,0.46563053131103516
19366,12,7,0.4975055456161499
19370,6,7,0.2823881208896637
19372,12,0,0.28664520382881165
19375,12,7,0.3825286626815796
19379,12,7,0.42166954278945923
19383,6,5,0.3355596661567688
19385,12,0,0.36341968178749084
19389,2,0,0.4769544005393982
19393,12,7,0.42491331696510315
19397,12,0,0.5518695712089539
19400,6,7,0.32007309794425964
19404,0,7,0.33742889761924744
20000,12,7,0.520477831363678
20001,0,8,0.613454282283783
20002,12,4,0.5678312182426453
20003,12,7,0.4711356461048126
20004,6,7,0.5418532490730286
20005,8,7,0.27172401547431946
20006,12,7,0.3516003489494324
20007,1,7,0.34929358959198
20008,0,7,0.5446524620056152
20009,12,4,0.6853764057159424
20010,0,7,0.5184991955757141
20011,12,4,0.7189216017723083
20012,1,7,0.4298340678215027
20013,15,4,0.8179803490638733
20014,12,4,0.541907012462616
20015,12,7,0.4505961537361145
20016,12,4,0.49310335516929626
20017,0,8,0.3538571894168854
20018,15,0,0.5633226633071899
20019,3,0,0.2859819531440735
20020,1,7,0.39794063568115234
20021,6,7,0.2899480164051056
20022,14,4,0.40077733993530273
20023,12,7,0.5100163221359253
20024,12,4,0.6392276883125305
20025,1,7,0.5898139476776123
20026,0,6,0.5327941179275513
20027,14,0,0.24016766250133514
20028,12,0,0.41136831045150757
20029,1,7,0.5105986595153809
20030,1,9,0.27675795555114746
20031,3,8,0.34651699662208557
20032,0,6,0.4787307381629944
20033,10,8,0.4464905858039856
20034,12,7,0.45350584387779236
20035,6,7,0.28499701619148254
20036,12,4,0.6610831022262573
20037,6,7,0.3006325364112854
20038,14,7,0.45631909370422363
20039,0,6,0.5660004615783691
20040,1,7,0.41609689593315125
20041,6,0,0.24017022550106049
20042,12,7,0.5943472385406494
20043,12,4,0.5959099531173706
20044,12,7,0.45934370160102844
20045,0,6,0.3895050287246704
20046,12,7,0.5292576551437378
20047,0,6,0.6429962515830994
20048,0,6,0.5534605383872986
20049,12,7,0.49701032042503357
20050,12,8,0.6245961785316467
20051,6,9,0.3745144307613373
20052,12,4,0.6581268310546875
20053,12,7,0.5984103083610535
20054,1,7,0.3107675611972809
20055,13,0,0.2504682242870331
20056,0,9,0.3937690854072571
20057,12,6,0.5928224325180054
20058,6,0,0.3430333137512207
20059,5,8,0.52082359790802
20060,10,0,0.2923748791217804
20061,14,7,0.399592787027359
20062,13,0,0.3483944535255432
20063,0,8,0.3094634711742401
20064,12,0,0.5353124141693115
20065,13,7,0.3407055735588074
20066,12,7,0.3658285140991211
20067,6,0,0.5453251600265503
20068,12,7,0.3533956706523895
20069,1,7,0.45966169238090515
20070,12,7,0.4855705499649048
20071,12,4,0.6426169276237488
20072,12,4,0.581642746925354
20073,14,0,0.20544864237308502
20074,12,0,0.40856629610061646
20075,12,7,0.47927141189575195
20076,6,0,0.42230162024497986
20077,12,7,0.345315158367157
20078,12,4,0.5747669339179993
20079,14,0,0.25556889176368713
20080,12,4,0.5658923983573914
20081,12,4,0.6077675223350525
20082,12,7,0.3807709515094757
20083,12,0,0.4181918501853943
20084,12,0,0.5150104761123657
20085,12,7,0.5017498135566711
20086,12,6,0.3328251540660858
20087,12,7,0.4485803246498108
20088,12,6,0.5292559266090393
20089,1,0,0.552978515625
20090,12,4,0.7358506321907043
20091,12,4,0.6242879033088684
20092,12,8,0.45652785897254944
20093,12,4,0.6091853380203247
20094,13,7,0.5131689310073853
20095,3,4,0.37158939242362976
20096,6,0,0.33228546380996704
20097,15,4,0.6780377626419067
20098,6,7,0.41450852155685425
20099,1,7,0.5485500693321228
20100,12,0,0.4364785850048065
20101,6,7,0.4372108578681946
20102,12,4,0.5125678181648254
20103,12,4,0.5770831108093262
20104,14,7,0.3522537052631378
20105,14,0,0.36992302536964417
20106,6,0,0.5353451371192932
20107,12,6,0.5239899754524231
20108,12,4,0.6780367493629456
20109,6,6,0.511140763759613
20110,0,6,0.3984251618385315
20111,2,0,0.39552831649780273
20112,12,7,0.4655623137950897
20113,6,7,0.4474077820777893
20114,12,8,0.6650570631027222
20115,8,0,0.2769569456577301
20116,12,4,0.4887566864490509
20117,12,7,0.45563289523124695
20118,12,5,0.6093865633010864
20119,12,4,0.48149776458740234
20120,0,8,0.5824005007743835
20121,6,0,0.2580728828907013
20122,12,4,0.559646487236023
20123,12,0,0.3134116530418396
20124,12,5,0.6965717077255249
20125,12,7,0.5223701596260071
20126,6,7,0.20407211780548096
20127,12,0,0.3274756968021393
20128,6,0,0.3988298177719116
20129,12,0,0.23925107717514038
20130,14,4,0.5439628958702087
20131,12,0,0.45851990580558777
20132,12,8,0.690191388130188
20133,12,8,0.5114875435829163
20134,1,7,0.519425630569458
20135,12,4,0.5275073051452637
20136,15,6,0.6357702612876892
20137,12,8,0.7359415888786316
20138,0,6,0.4010104537010193
20139,10,0,0.3103834092617035
20140,3,0,0.28531572222709656
20141,3,8,0.2975112795829773
20142,6,9,0.20099978148937225
20143,12,4,0.6109400391578674
20144,6,8,0.5099570155143738
20145,6,8,0.5177663564682007
20146,6,0,0.1331086903810501
20147,12,7,0.48650020360946655
20148,12,4,0.6848855018615723
20149,12,7,0.3945697546005249
20150,6,8,0.41046902537345886
20151,14,7,0.3507160246372223
20152,0,6,0.47663888335227966
20153,12,5,0.6441868543624878
20154,12,4,0.6596036553382874
20155,0,7,0.4097493290901184
20156,12,4,0.6699420213699341
20157,0,6,0.548538327217102
20158,12,4,0.6306104063987732
20159,12,4,0.6906534433364868
20160,13,0,0.2952044904232025
20161,6,0,0.2915092408657074
20162,3,8,0.47030746936798096
20163,12,4,0.7481910586357117
20164,5,8,0.40635940432548523
20165,1,7,0.5177454948425293
20166,0,6,0.4609936773777008
20167,6,7,0.584603488445282
20168,12,7,0.40455248951911926
20169,12,0,0.37352243065834045
20170,12,0,0.4758509397506714
20171,6,0,0.4834899604320526
20172,12,7,0.4520021378993988
20173,12,0,0.30906668305397034
20174,0,8,0.5040125846862793
20175,1,7,0.2757014036178589
20176,12,4,0.5787314176559448
20177,14,0,0.3703123927116394
20178,1,8,0.6017236709594727
20179,14,7,0.3656921684741974
20180,12,4,0.6412996053695679
20181,12,7,0.46265169978141785
20182,12,4,0.6636793613433838
20183,12,0,0.45332643389701843
20184,0,6,0.4807016849517822
20185,0,6,0.35351696610450745
20186,14,8,0.40262946486473083
20187,10,0,0.27882227301597595
20188,0,0,0.37219592928886414
20189,0,6,0.47333577275276184
20190,10,0,0.19379720091819763
20191,7,7,0.5355320572853088
20192,0,0,0.4804936349391937
20193,12,7,0.4823911190032959
20194,12,4,0.5917508602142334
20195,0,6,0.3855711817741394
20196,12,0,0.47443217039108276
20197,12,7,0.5378873944282532
20198,6,0,0.274314284324646
20199,12,7,0.3310244083404541
20200,12,7,0.3291504979133606
20201,6,7,0.423849880695343
20202,14,7,0.5328715443611145
20203,15,0,0.7238026857376099
20204,12,4,0.8710767030715942
20205,1,7,0.2905639708042145
20206,1,7,0.341676265001297
20207,12,0,0.5607762932777405
20208,12,7,0.4069240093231201
20209,0,4,0.45418262481689453
20210,12,6,0.654513418674469
20211,12,4,0.5480111837387085
20212,12,0,0.42267051339149475
20213,1,7,0.5701305866241455
20214,0,7,0.3368125259876251
20215,12,7,0.33925577998161316
20216,10,7,0.2966776490211487
20217,6,7,0.28980931639671326
20218,15,0,0.371734082698822
20219,12,7,0.5146700143814087
20220,0,0,0.3480033874511719
20221,6,7,0.2857772707939148
20222,12,7,0.4525567293167114
20223,12,0,0.46375149488449097
20224,0,7,0.3084557056427002
20225,3,8,0.23787309229373932
20226,12,4,0.6971697807312012
20227,12,7,0.5778756737709045
20228,1,7,0.45551976561546326
20229,14,7,0.5344051122665405
20230,6,8,0.38161447644233704
20231,0,6,0.49653127789497375
20232,1,7,0.3089086711406708
20233,14,7,0.4006623327732086
20234,6,0,0.2886708378791809
20235,12,0,0.31772610545158386
20236,15,8,0.7130081653594971
20237,15,7,0.5588283538818359
20238,10,0,0.46122241020202637
20239,6,7,0.2945804297924042
20240,5,7,0.5356826782226562
20241,6,0,0.24031496047973633
20242,1,7,0.6035376191139221
20243,6,0,0.4567480981349945
20244,13,7,0.3224516808986664
20245,1,7,0.4041614234447479
20246,12,6,0.6533118486404419
20247,7,0,0.4719586968421936
20248,1,7,0.34497180581092834
20249,0,6,0.45168134570121765
20250,14,0,0.43372344970703125
20251,12,8,0.4706486463546753
20252,12,4,0.5868635177612305
20253,12,8,0.5989600419998169
20254,14,0,0.37821251153945923
20255,12,7,0.48570263385772705
20256,12,7,0.6121333241462708
20257,2,0,0.5373983979225159
20258,12,5,0.6545616388320923
20259,12,6,0.388513445854187
20260,15,4,0.6339496374130249
20261,12,7,0.4403955042362213
20270,12,7,0.47438934445381165
20272,6,8,0.5177663564682007
20275,3,0,0.5751697421073914
20277,12,4,0.568355917930603
20280,12,4,0.7487564086914062
20282,12,4,0.6906002759933472
20285,12,4,0.7302748560905457
20287,14,6,0.4075854420661926
20288,2,0,0.31011322140693665
20291,12,5,0.6056869029998779
20293,12,4,0.5796203017234802
20295,12,7,0.6589469313621521
20298,12,0,0.47825703024864197
20300,12,4,0.564125657081604
20303,1,7,0.5794076919555664
20305,12,0,0.5551828742027283
20307,6,8,0.3707600235939026
20309,12,4,0.5151546597480774
20311,12,8,0.5688245296478271
20314,3,0,0.441069632768631
20317,12,9,0.40512049198150635
20319,6,7,0.5280237793922424
20321,12,7,0.5461218953132629
20324,12,7,0.44545239210128784
20326,12,7,0.5393136143684387
20328,1,7,0.5389334559440613
20330,6,0,0.22994661331176758
20333,14,7,0.3685496747493744
20336,1,7,0.3232879340648651
20337,6,0,0.3792617917060852
20339,12,0,0.3666577935218811
20342,1,7,0.4440506100654602
20344,6,0,0.2815679907798767
20346,1,7,0.46822935342788696
20348,1,7,0.38983404636383057
20351,14,0,0.3195125460624695
20353,12,7,0.5509113669395447
20356,1,9,0.3107525110244751
20357,6,0,0.3929486572742462
20360,15,0,0.47108370065689087
20362,3,0,0.3594960868358612
20365,13,0,0.3647072911262512
20367,1,7,0.5474192500114441
20369,12,0,0.49144095182418823
20371,13,7,0.34957754611968994
20374,14,7,0.3924471437931061
20376,6,0,0.25727856159210205
20377,6,7,0.4796347916126251
20379,6,0,0.44339820742607117
20381,12,7,0.5192001461982727
20383,12,7,0.5565153956413269
20386,13,7,0.48483458161354065
20388,13,7,0.4271988272666931
20390,10,7,0.5534050464630127
20393,10,0,0.3342273533344269
20395,1,9,0.3330218493938446
20396,6,7,0.3922216594219208
20399,14,0,0.4909187853336334
20401,1,7,0.4982980191707611
20403,6,9,0.4512269198894501
20405,6,0,0.25156307220458984
20407,1,7,0.4202386736869812
20410,6,0,0.1974802315235138
20412,10,7,0.40067097544670105
20414,1,9,0.3330218493938446
20415,14,7,0.3073943853378296
20418,13,0,0.5504657030105591
20421,1,7,0.40543556213378906
20423,12,7,0.40932929515838623
20425,1,7,0.5043556094169617
20428,7,9,0.4059484004974365
20430,6,0,0.20168979465961456
20432,1,7,0.37240105867385864
20434,6,9,0.23108835518360138
20435,12,7,0.41677239537239075
20438,12,4,0.4696834683418274
20441,12,7,0.4992902874946594
20444,15,6,0.5477557182312012
20446,1,7,0.5578554272651672
20448,1,7,0.537061333656311
20451,12,7,0.3783995509147644
20452,12,4,0.510524570941925
20454,12,0,0.4837280213832855
20457,15,6,0.6434865593910217
20460,12,8,0.5467067956924438
20462,12,8,0.6477264165878296
20464,1,9,0.375511109828949
20466,15,4,0.6180787682533264
20469,12,7,0.48035287857055664
20471,1,9,0.3362225294113159
20472,12,0,0.4520334005355835
20474,12,4,0.6167827248573303
20476,1,9,0.4292551875114441
20478,3,8,0.3462430536746979
20481,15,8,0.6429030895233154
20483,12,0,0.32949620485305786
20486,12,0,0.513996958732605
20488,0,4,0.38691648840904236
20490,12,4,0.48729419708251953
20493,15,4,0.6452035903930664
20495,0,6,0.5023876428604126
20498,12,4,0.3734188377857208
20501,12,4,0.4520198702812195
20503,12,5,0.6397576332092285
20505,6,9,0.4049732983112335
20508,12,7,0.5804036259651184
20510,12,4,0.5191247463226318
20512,12,0,0.4764823019504547
20514,15,4,0.5721181631088257
20516,12,4,0.45530980825424194
20519,3,0,0.35517463088035583
20522,14,0,0.3989335894584656
20524,10,0,0.3772569000720978
20526,12,6,0.41859930753707886
20528,12,6,0.59139084815979
20530,12,4,0.4478377401828766
20532,12,4,0.46913430094718933
20534,1,8,0.3767324388027191
20536,12,8,0.6519495844841003
20538,12,0,0.6376091837882996
20540,12,7,0.5904573798179626
20543,0,8,0.45569780468940735
20546,3,0,0.31032249331474304
20547,12,7,0.3867162764072418
20549,15,0,0.5144425630569458
20551,12,4,0.5711252689361572
20553,12,4,0.6470832824707031
20556,15,0,0.5674680471420288
20558,12,7,0.40117567777633667
20560,12,4,0.43592900037765503
20562,14,0,0.5569660067558289
20563,12,7,0.6188032031059265
20566,12,0,0.5114601254463196
20568,12,4,0.4678714871406555
20570,15,0,0.5987237095832825
20572,12,7,0.5757997035980225
20574,12,4,0.4828058183193207
20577,12,8,0.6728012561798096
20579,12,6,0.524620532989502
20582,0,6,0.6257272362709045
20584,6,8,0.3707600235939026
20587,12,4,0.5562638640403748
20589,12,0,0.47696226835250854
20592,0,6,0.544609785079956
20594,12,4,0.5221800208091736
20596,12,4,0.7538899183273315
20599,12,5,0.551782488822937
20601,12,7,0.41677239537239075
20603,12,4,0.5843836665153503
20606,15,0,0.498576283454895
20609,12,4,0.6591914296150208
20612,12,3,0.3113328516483307
20614,12,4,0.4683153033256531
20616,12,6,0.5267468690872192
20618,12,7,0.46549710631370544
20620,12,6,0.43828272819519043
20621,12,7,0.41677239537239075
20624,12,7,0.5795738101005554
20626,12,4,0.4505014419555664
20628,3,0,0.6407015919685364
20630,12,4,0.6306104063987732
20632,12,4,0.49815356731414795
20634,6,8,0.3981013596057892
20636,15,8,0.5385597944259644
20639,0,6,0.40086084604263306
20640,12,8,0.5385658740997314
20642,0,6,0.6118053197860718
20645,15,4,0.6316508650779724
20647,0,8,0.6318223476409912
20649,15,4,0.7237378358840942
20651,0,8,0.5508987307548523
20654,12,4,0.4622111916542053
20656,12,5,0.6498222351074219
20657,12,6,0.6071341633796692
20659,0,6,0.5429622530937195
20662,3,0,0.483661413192749
20664,0,8,0.5802711248397827
20666,12,4,0.6187285780906677
20669,12,6,0.6883432269096375
20672,12,7,0.5132075548171997
20674,12,6,0.4732021987438202
20676,12,4,0.5932089686393738
20678,12,4,0.5769962668418884
20681,12,4,0.6825990676879883
20683,12,8,0.5412440299987793
20686,12,4,0.6767070889472961
20688,12,0,0.535590410232544
20691,12,4,0.5886519551277161
20694,12,4,0.7702739834785461
20697,12,7,0.7111655473709106
20700,12,8,0.5655338168144226
20703,12,8,0.6660164594650269
20704,12,4,0.5670620799064636
20706,12,5,0.6046005487442017
20709,3,0,0.5398158431053162
20712,12,5,0.41435641050338745
20715,12,4,0.6091676950454712
20718,12,6,0.48992204666137695
20720,0,6,0.3934957683086395
20722,12,7,0.322486013174057
20725,12,7,0.4910232722759247
20728,12,7,0.41754406690597534
20731,12,5,0.6975826025009155
20734,12,8,0.5273872017860413
20736,12,5,0.5761924386024475
20737,12,7,0.5326924324035645
20739,6,0,0.4471542239189148
20741,12,5,0.549547016620636
20743,12,7,0.6125025153160095
20745,0,8,0.5213486552238464
20748,12,4,0.5683954954147339
20750,0,4,0.44501230120658875
20752,12,6,0.6362326741218567
20754,0,6,0.6124261617660522
20756,12,0,0.3080659806728363
20758,12,8,0.4919244050979614
20760,12,5,0.6004782319068909
20763,12,5,0.5369776487350464
20765,6,8,0.5483130216598511
20767,12,4,0.609916090965271
20770,12,6,0.37728503346443176
20773,12,4,0.728630781173706
20775,12,7,0.46895626187324524
20777,12,4,0.6319023966789246
20779,12,6,0.5667812824249268
20782,0,8,0.6645143032073975
20784,12,7,0.5262749195098877
20787,12,7,0.5612237453460693
20789,12,5,0.5495283007621765
20791,1,7,0.38364842534065247
20794,12,0,0.4275340437889099
20797,12,7,0.47647467255592346
20800,12,7,0.6367049813270569
20803,7,0,0.3968694806098938
20806,6,0,0.2507326602935791
20808,0,7,0.42572712898254395
20810,13,0,0.2862817049026489
20813,6,0,0.44610536098480225
20815,14,0,0.4504295885562897
20816,14,7,0.3508095443248749
20819,13,0,0.47307705879211426
20821,15,0,0.43951863050460815
20823,1,7,0.41883695125579834
20826,1,9,0.3969152569770813
20828,12,7,0.3935708999633789
20830,12,7,0.5495424270629883
20833,14,0,0.4283345341682434
20835,12,7,0.39122018218040466
20837,3,0,0.26568371057510376
20840,14,7,0.4624357223510742
20842,12,7,0.47830086946487427
20844,13,0,0.35580939054489136
20846,12,0,0.46316269040107727
20848,13,0,0.37580591440200806
20850,14,7,0.3747367262840271
20853,1,9,0.48910656571388245
20856,10,0,0.34092947840690613
20859,1,7,0.6133154034614563
20861,1,7,0.47197553515434265
20864,6,0,0.14824865758419037
20867,12,0,0.2738491892814636
20869,14,0,0.30685099959373474
20870,6,0,0.2547343373298645
20872,6,0,0.37017807364463806
20874,14,0,0.4522010385990143
20876,0,7,0.5522513389587402
20879,1,0,0.36144644021987915
20882,14,7,0.3288293182849884
20884,12,7,0.35676443576812744
20886,12,7,0.4070762097835541
20889,12,7,0.3685496151447296
20891,12,0,0.38837361335754395
20894,1,7,0.3957532048225403
20896,12,7,0.5905147194862366
20898,12,7,0.3781990706920624
20900,1,7,0.5485500693321228
20902,12,7,0.5402014851570129
20904,10,0,0.38034486770629883
20906,12,7,0.5213297009468079
20908,12,7,0.5109350085258484
20911,14,0,0.3962656855583191
20913,5,7,0.49555328488349915
20915,1,7,0.47907084226608276
20916,6,0,0.3746238648891449
20918,6,7,0.48008057475090027
20920,15,0,0.4275452196598053
20922,12,0,0.4553675651550293
20924,12,7,0.47871533036231995
20926,12,4,0.5224891901016235
20928,14,0,0.4648812413215637
20930,12,7,0.4503033757209778
20933,1,0,0.42793694138526917
20935,12,7,0.47594743967056274
20938,12,7,0.5702587962150574
20941,12,7,0.4687260389328003
20944,10,0,0.24294959008693695
20946,12,7,0.39435142278671265
20948,14,0,0.5116028785705566
20951,12,0,0.3637046813964844
20953,14,8,0.3490298390388489
20955,13,7,0.4045671820640564
20957,12,7,0.6432923674583435
20959,12,7,0.43058696389198303
20961,12,7,0.5445748567581177
20963,12,0,0.4184894561767578
20966,12,0,0.3871687948703766
20967,12,0,0.37718674540519714
20969,12,7,0.4685301184654236
20972,10,0,0.4576464891433716
20974,1,7,0.5300928354263306
20976,12,5,0.5945211052894592
20979,12,7,0.5828142166137695
20981,12,7,0.47990164160728455
20984,14,7,0.48901429772377014
20986,14,7,0.31243932247161865
20987,12,7,0.562483012676239
20989,12,6,0.7654370665550232
20991,12,4,0.7566962838172913
20994,12,7,0.7388229370117188
20997,12,7,0.6167152523994446
20999,12,4,0.7694438695907593
21002,12,7,0.6382313370704651
21004,6,6,0.2771722376346588
21006,12,0,0.522591769695282
21007,12,7,0.5844067931175232
21009,15,6,0.6966755390167236
21011,12,8,0.6892529726028442
21013,12,4,0.6025246381759644
21016,12,4,0.7500349283218384
21018,12,5,0.7982810735702515
21020,15,8,0.6337817311286926
21023,12,0,0.5907010436058044
21024,12,4,0.6060962677001953
21027,12,5,0.7813549637794495
21029,3,6,0.5856243371963501
21031,12,5,0.7074410319328308
21033,12,4,0.5719846487045288
21036,12,8,0.7319292426109314
21038,12,8,0.7314308285713196
21041,0,5,0.7088654637336731
21043,12,5,0.720829963684082
21045,0,7,0.6625824570655823
21047,12,5,0.6405411958694458
21049,15,4,0.6703581213951111
21051,6,6,0.39772775769233704
21053,12,4,0.7544561624526978
21055,12,5,0.6535708904266357
